,18L,36R,01,19,18R,36L
551,2063.562550629752,2740.8313395079163,3543.979735247632,2342.4152889945767,5865.159582593397,3237.866986288705
504,2668.790232819652,3439.326938243428,2812.861884982632,2075.8579081714706,6654.926993584772,3883.990826940416
501,2509.2520038362786,3372.4528226044445,2914.703777207997,1916.319679188097,6495.388764601398,3724.452597957042
506,2785.403585868792,3318.373268784455,2691.9082155236583,2192.471261220609,6647.266422552409,4000.604179989555
503,2602.4919352064794,3449.757732017999,2823.2926787572023,2009.5596105582977,6588.628695971598,3817.692529327243
536,2118.4646083456314,2981.6654271137973,3344.880047517723,2144.650460913248,6104.601369110752,3333.665202466395
502,2582.417694605658,3445.618513373824,2900.318571563743,1989.485369957477,6568.554455370777,3797.6182887264217
505,2713.9654949475093,3338.0427254613696,2711.577672200573,2121.033170299327,6666.935879229322,3929.166089068273
525,2605.255560770287,1926.8674444674025,2934.903883953046,3189.203770800004,5255.76059823536,3336.2414538252697
208,3122.861548259501,2652.927666253027,4645.826094074046,4232.868591587712,4274.06510674942,1258.1437329309567
205,3226.825468637161,2756.891586630687,4749.790014451705,4336.832511965372,4378.02902712708,1362.1076533086166
214,2644.171269617673,1899.2566399794885,4054.867668053623,3641.91016556729,4612.078720840612,1840.782205609613
507,2849.005300742775,3249.6899331318778,2623.224879871081,2256.0729760945933,6578.583086899831,4064.2058948635386
532,2417.5339333315865,2431.1864120861646,3439.2228515718084,2696.386671696411,5598.183120254015,3243.36928863378
515,3651.318993824192,2379.15043024211,1752.6853769813129,2610.3208908751867,5708.043584010066,4433.30523157062
529,2610.032839842504,2190.934534509753,3198.9709739953964,2927.342934238999,5519.827688277712,3367.301366836336
552,2127.1982428731044,2681.9912732161342,3607.615427490984,2406.050981237929,5806.319516301615,3301.5026785320574
555,2395.305912245661,2332.40272661249,3356.9224874349684,2792.2646307181126,5436.234132041221,3152.5744392394936
527,2721.168866248475,2076.5663023628717,3084.602741848515,3038.4789606449704,5405.459456130829,3478.4373932423077
564,2795.4677044993205,3254.261388340946,2627.7963350801488,2202.5353798511387,6583.154542108899,4010.668298620084
560,2510.6711540830383,3373.871972851204,2919.2608940641994,1917.738829434857,6496.807914848158,3725.871748203802
561,2587.9664956012966,3451.1673143694625,2856.14489833149,1995.034170953115,6574.103256366415,3803.16708972206
554,2340.919915133232,2392.4375308962094,3453.3792265723064,2692.291611755071,5496.268936324939,3100.4942154900896
522,3245.649004151565,1742.5581831027473,2394.838679230413,3727.5387108251257,5071.451336870708,3558.416747589564
526,2652.1065425075817,1998.380656310056,3006.4170957957,3108.533615906358,5327.273810078013,3407.754665667924
512,3195.919170419722,2883.894837750672,2257.429784489875,2505.850626368767,6212.787991518628,4411.119764540484
528,2667.8243465243686,2135.805492780342,3143.841932265985,2985.134440920864,5464.6986465483005,3425.092873518201
514,3349.936191234812,2735.817859898652,2109.352806637856,2408.0034270985016,6064.711013666609,4565.136785355572
513,3275.1852440416087,2814.3920099143443,2187.926956653548,2486.577577114193,6143.285163682301,4490.38583816237
509,3029.234336475003,3070.2836334203807,2443.818580159584,2394.4042075604907,6399.176787188335,4244.434930595767
533,2352.1269727226445,2502.748702634029,3510.785142119673,2630.979711087469,5627.076945719509,3231.3022248846587
553,2190.463909489634,2620.1749971492995,3628.2114366349433,2469.3166478544586,5744.50324023478,3348.728519399929
523,3172.110978616235,1669.0201575674175,2459.7327943716364,3792.432825966349,4997.913311335377,3484.878722054233
517,3929.866598044077,2189.0139664826743,1924.9576249991533,3038.9728234078257,5517.907120250629,4242.634341482075
519,3862.701605595108,2121.8489740337054,2024.641476451807,3138.656674860479,5450.74212780166,4175.4693490331065
516,3999.1417951219687,2258.2891635605656,1856.9168383338215,2970.932036742493,5587.182317328521,4311.909538559968
520,3344.422165547947,1841.331344499129,2322.783633167036,3655.483664761749,5170.224498267089,3657.189908985945
524,2782.890759805502,1602.1209736464525,2610.157413132096,3458.409595198665,4931.014127414408,3095.6585032435005
535,2198.159551519901,2645.380497307452,3653.416936793096,2477.0122898847253,5769.708740392933,3372.4639871788536
556,2610.188611675489,2130.983190615967,3139.0196301016103,2927.4987060719845,5459.876344383925,3367.457138669321
518,3861.2797163873247,2120.427084825922,1995.984645525189,3109.999843933861,5449.320238593877,4174.047459825323
562,2639.435580295329,3409.972285719105,2783.507232458309,2046.503255647148,6625.572341060449,3854.6361744160927
565,2875.8903538782074,3184.042306769712,2557.5772535089154,2282.9580292300257,6512.935460537666,4091.090947998971
510,3091.953166398337,3004.962003325396,2378.4969500646,2451.0413518041505,6333.855157093351,4307.153760519101
521,3314.103620369994,1811.0127993211768,2325.7398290658766,3658.439860660589,5139.905953089137,3626.871363807993
530,2553.369152867436,2259.8614635181693,3267.897903003813,2870.679247263931,5588.754617286128,3310.637679861268
534,2290.909074732521,2566.3520533518467,3574.388492837491,2569.761813097345,5690.680296437327,3294.9055756024763
508,2935.2588033286547,3156.23228598942,2529.767232728623,2342.326478680473,6485.125439757373,4150.459397449418
511,3144.9768886788047,2946.2227577634367,2319.75770450264,2454.9083446278496,6275.115911531392,4360.177482799567
531,2504.3179799632712,2352.202223866878,3360.2386633525216,2783.170718328096,5585.945284397484,3264.7754159103174
563,2734.6375491180747,3330.6745072199446,2704.209453959148,2141.7052244698925,6659.567660987897,3949.8381432388383
322,1039.4682418029229,3773.244851036021,4448.4599641319055,1750.0378816888665,6859.303401718762,4026.085187736656
457,1756.2525973596237,3027.7170850396587,3680.5504861611016,2030.8042545531816,6131.548490468391,3348.211141659691
461,1954.9867907767136,3749.428806983734,3485.475771604887,1320.5629151779203,6853.260212412466,4081.14257276409
317,1810.394662654507,4101.015159283645,3829.673763981957,923.28474176642,7204.846564712378,4385.0974505309405
323,952.7746483581228,3817.42233064164,4492.637443737526,1794.215361294487,6903.480881324383,4070.262667342276
330,757.9723021407389,4132.849507698067,4810.050232542176,2111.628150099138,7218.90805838081,4385.689844398702
318,1802.9859929483152,4093.606489577453,3822.265094275765,980.1417680011572,7197.437895006186,4377.688780824749
463,2247.542193712692,3854.5849267976014,3179.8114612737004,1240.4998680889655,6977.520868794556,4206.5847021502
307,2369.780491177863,4660.400987807001,4389.059592505313,779.9557058645275,7764.232393235735,4944.483279054298
302,2640.8405647300647,4931.461061359202,4522.096868214658,834.1463823101647,8035.292466787936,5215.543352606499
405,2103.5488248484667,3627.8349479316576,3363.8819125528107,1469.1249492496731,6731.66635336039,3959.548713712014
455,1627.185879606724,3150.922599696371,3803.7560008178143,1901.7375368002824,6254.754005125104,3471.416656316404
320,1148.155845871751,3668.782922036041,4341.510992999817,1643.0889105567785,6772.614327464771,3948.906151464781
453,1488.3238130812967,3285.886228886272,3938.719630007715,1762.8754702748552,6389.717634315005,3606.380285506305
304,2512.277441964717,4802.897938593854,4470.736665571655,824.2256461900939,7906.729344022588,5086.980229841151
321,1056.3326188784918,3695.848772337763,4368.576843301539,1670.1547608585008,6795.875649637655,3962.657435655549
313,2029.5311708801808,4320.151667509319,4048.810272207631,746.5188489513826,7423.983072938053,4604.233958756616
409,1719.8022994930848,3082.80046200739,3735.6338631288327,1994.353956686643,6186.631867436122,3403.2945186274223
327,806.8313976724835,3993.631166797566,4670.831891641676,1972.4098091986368,7079.68971748031,4246.471503498202
459,1878.6599434942768,4008.3596304391126,3509.4590505408114,1008.7568935305312,7112.191035867846,4335.704692644603
559,3227.7026991524363,1724.611878103619,2380.8644242669297,3713.564455861642,5053.5050318715785,3540.4704425904347
312,2137.2193474179,4427.839844047037,4156.498448745349,733.939085514972,7531.671249475771,4711.922135294334
310,2193.6642010836413,4484.284697712778,4212.94330241109,706.2390153604139,7588.116103141512,4768.366988960075
458,1704.7685675640691,2711.802641365299,3707.1444262167,2309.8251411226424,5815.63404679403,3032.296697985332
316,1915.7062732612976,4206.326769890436,3934.985374588747,919.8475623409636,7310.1581753191695,4490.409061137732
452,1442.3125071631755,3328.650109071877,3981.48351019332,1716.864164356734,6432.4815145006105,3649.14416569191
462,2008.6002506567968,3699.864453538011,3435.911418159164,1374.1763750580035,6803.695858966743,4031.578219318367
336,612.4170569414213,4305.945966521468,5134.439439057974,2436.017356614936,7387.551148618535,4527.448984551189
325,864.7396130490221,3906.212065745076,4581.427178840961,1883.005096397922,6992.270616427817,4159.052402445711
319,1148.6055337452826,3603.085243247505,4275.813314211281,1577.3912317682427,6706.916648676235,3883.208472676245
406,2184.357780331845,3560.8285984208974,3296.8755630420505,1549.9339047330511,6664.66000384963,3892.542364201254
306,2395.8143664588856,4686.434863088023,4415.093467786335,805.98958114555,7790.266268516757,4970.51715433532
464,2324.005338019763,3754.939844188227,3102.609798526671,1316.9630123960364,6877.87578618518,4106.939619540824
332,688.681377020497,4238.643782281566,4915.844507125673,2217.4224246826366,7324.702332964307,4491.484118982199
456,1690.910705505404,3080.3635462700977,3733.196947391541,1965.4623626989624,6184.194951698831,3400.8576028901302
454,1539.362963624082,3234.7609297188933,3887.594330840336,1813.9146208176403,6338.592335147627,3555.254986338926
311,2122.2848352481656,4412.905331877303,4141.563936575615,698.8982778584617,7516.736737306037,4696.9876231246
308,2307.9118176947886,4598.532314323926,4327.190919022238,789.0469514125604,7702.36371975266,4882.614605571223
466,2505.299384942052,3522.781406106237,2918.6789861695693,1550.167577497995,6645.717348103191,3874.7811814588345
451,1176.570094369374,3319.2513664058542,4178.2378270895015,1661.4010105484808,6423.082771834586,3599.3745958345944
303,2564.8182997746894,4855.438796403827,4523.277523381628,844.8658598557695,7959.270201832561,5139.521087651124
407,2260.4753462955773,3483.377054922673,3219.424019543826,1626.0514706967838,6587.208460351406,3815.090820703029
314,2007.3432084748624,4297.963705104,4026.622309802312,815.386401224796,7401.795110532734,4582.045996351297
337,560.1077237808825,4253.636633360929,5189.720806356234,2491.298723913196,7335.241815457996,4475.13965139065
465,2226.3304463352406,3493.8254736382,3229.872438259353,1591.906570736447,6597.656879066933,3825.539239418557
324,930.4242637019108,3878.774669005189,4553.9897821010745,1855.5676996580355,6964.833219687931,4131.615005705825
329,752.9340349494983,4081.8918399751983,4759.092564819307,2060.670482376269,7167.950390657941,4334.732176675833
328,785.896609367885,4063.619211145804,4740.819935989913,2042.3978535468743,7149.677761828547,4316.459547846439
331,666.8039101172578,4191.088631972871,4868.2893568169775,2169.8672743739407,7277.147182655612,4443.928968673504
315,1917.207149915807,4207.827646544944,3936.486251243256,853.9245508633985,7311.659051973678,4491.909937792241
309,2212.687833161427,4503.308329790565,4231.966934488877,725.2626474382001,7607.139735219299,4787.390621037862
408,1991.9201287181825,3025.47187753303,3407.049221575812,2029.03071957704,6129.303282961762,3357.185643313386
326,858.2250510053941,3953.051490519183,4630.252215363292,1931.8301329202532,7039.110041201926,4205.891827219818
334,700.3205150427561,4306.414798688151,4989.741798449991,2291.319716006952,7392.4733493708945,4559.255135388787
335,689.198431663562,4313.022154594546,5059.704940925553,2361.282858482515,7399.08070527729,4565.862491295182
333,720.3688840507574,4270.331289311826,4947.532014155934,2249.1099317128965,7356.389839994568,4523.17162601246
305,2451.341929324854,4741.962425953991,4470.621030652303,861.5171440115181,7845.793831382724,5026.044717201287
558,3155.482564753704,1652.391743704886,2445.1736125679863,3777.873644162699,4981.284897472845,3468.250308191702
301,2705.1724341065037,4995.79293073564,4457.704113842587,769.7536279380945,8099.624336164374,5279.875221982937
460,1911.875972618259,3794.854239409239,3530.9012040303924,1277.4520970194656,6898.685644837971,4126.568005189595
354,965.0409762646768,3699.292926750426,4465.540671753969,1767.1185893109312,6785.35147743317,3952.133263451061
361,1917.526321548654,4166.962611450993,3781.837111453811,885.118513898732,7270.794016879728,4487.456668071026
357,1066.8318889136362,3364.6741264063703,4313.783643735994,1675.3126009943835,6447.596487536705,3614.378273554597
351,793.8514186934108,3875.661290147036,4641.909035150578,1943.4869527075405,6961.719840829779,4128.501626847671
352,850.1830228521067,3816.468441017305,4582.716186020848,1884.29410357781,6902.526991700049,4069.30877771794
353,901.0771514239618,3760.529092316967,4526.77683732051,1828.354754877472,6846.587642999711,4013.369429017602
356,1060.8641860253592,3601.25246341336,4368.367815434438,1706.1628569609748,6687.311014096104,3854.092800113996
355,1011.4475756405566,3646.1077441543457,4413.223096175423,1738.9667675220712,6732.1662948370895,3898.948080854981
359,1965.919541634731,4256.372900659081,3871.2474006619,784.6605371281861,7360.204306087816,4540.622329511166
360,1954.339182480649,4203.775472382988,3818.6499723858055,839.2495828744467,7307.606877811722,4524.269529003021
358,2054.0428002279928,4344.496159252343,3959.3706592551616,686.3730434621839,7448.327564681078,4628.745588104428
103,4206.0992313662455,1725.928083746012,3997.137229697901,5190.201889910398,3354.404838962448,2126.912473640175
104,4122.915221627962,1642.7440740077284,3913.953219959618,5107.017880172114,3271.2208292241644,2043.7284639018917
105,4108.400103107054,1628.2289554868207,3899.43810143871,5092.502761651206,3256.7057107032565,2029.213345380984
106,4119.683070818203,1639.51192319797,3910.721069149859,5103.785729362354,3025.841943612478,1798.3495782902062
107,4378.855043469556,1898.683895849323,4169.893041801212,5362.957702013707,3041.151139450073,1776.2830163372337
110,4387.689142427224,1907.5179948069904,4178.72714075888,5371.791800971374,3049.9852384077403,1785.1171152949012
111,4349.304884102316,1869.1337364820824,4140.342882433972,5333.407542646466,2844.211194315713,1579.3430712028733
112,4429.301190530156,1949.1300429099235,4220.3391888618125,5413.403849074307,2762.180370323312,1497.3122472104724
113,4578.713265940997,2098.5421183207645,4369.751264272654,5562.815924485148,2778.326545152029,1402.451052430637
114,4649.354309670156,2169.183162049924,4440.392308001813,5633.4569682143065,2848.9675888811885,1473.0920961597967
115,4723.876871020791,2243.705723400559,4514.9148693524485,5707.979529564942,2923.4901502318235,1547.6146575104312
116,4746.508606510662,2266.3374588904285,4537.546604842319,5730.611265054812,2946.121885721693,1570.2463930003014
240,4219.231054648042,1739.0599070278083,4010.269052979698,5203.333713192194,3367.5366622442443,2140.044296921971
239,4181.255781647656,1701.0846340274222,3972.293779979312,5165.358440191808,3329.5613892438587,2102.069023921585
238,4117.239547734829,1637.0684001145953,3908.277546066485,5101.3422062789805,3265.545155331032,2038.0527900087584
237,4098.03543342293,1617.8642858026965,3889.0734317545857,5082.138091967082,3246.3410410191323,2018.84867569686
236,3896.231707358371,1416.0605597381382,3687.269705690027,4880.334365902523,3229.636395815786,2030.870093440747
235,3817.6923954771432,1337.5212478569106,3608.7303938088,4801.795054021296,3295.0766580153927,2096.3103556403544
234,3772.915171608044,1292.744023987811,3563.9531699397,4757.017830152196,3362.1060712182875,2163.339768843249
233,3717.4889197247176,1258.1065342978698,3508.5269180563737,4701.59157826887,3418.3913151544466,2219.6250127794087
232,3669.011798668524,1223.5195056740563,3460.04979700018,4653.114457212676,3471.711569952578,2272.94526757754
231,3601.138770575232,1155.646477580765,3392.1767689068884,4585.241429119384,3520.6838132570933,2325.9502816364943
230,3544.3820908000384,1098.8897978055704,3335.4200891316946,4528.484749344189,3576.124067177556,2381.390535556957
229,3316.371251301395,1114.842554598506,3275.261794527305,4314.110147251013,3847.170998329677,2613.7730887953385
228,3266.121308452053,1120.5138366193944,3280.9330765481936,4263.860204401671,3829.623183545819,2563.5231459459965
227,3212.5416819308093,1199.629424826751,3360.04866475555,4210.280577880426,3908.738771753175,2509.9435194247526
226,3183.687801391143,1345.2576206486713,3505.6768605774714,4181.42669734076,4054.3669675750966,2479.491146788336
221,3157.6935435553746,1543.5235449055442,3703.942784834344,4155.432439504992,4252.63289183197,2409.2172110510232
220,2960.4030303588083,1725.1973430375672,3885.6165829663673,3958.141926308426,4434.3066899639925,2211.926697854457
219,2961.280016798589,1726.074329477348,3886.493569406148,3959.0189127482063,4435.183676403773,2212.803684294237
218,2933.749526213193,1746.9598231546606,3907.379063083461,3931.4884221628095,4456.069170081086,2185.273193708841
217,2730.3609593589485,1789.3625114113108,3949.78175134011,3728.099855308566,4502.184592272435,1979.1974488971057
216,2661.69321613384,1792.5566662618348,3952.9759061906334,3659.4321120834575,4505.378747122959,1910.529705671997
215,2639.7448318449183,1835.9876102527423,3996.4068501815423,3637.483727794536,4548.809691113867,1871.5082086734687
212,2715.418375413646,2227.49232971789,4220.3907575389085,3807.433255052575,4557.761394890424,1541.8400210719592
211,2774.882018859714,2286.955973163958,4279.854400984976,3866.896898498643,4472.597340965649,1456.6759671471848
210,2842.216157906932,2354.290112211176,4347.188540032194,3934.231037545861,4393.862166526654,1377.9407927081893
209,2873.7251478426138,2403.7912658361392,4396.6896936571575,3983.732191170825,4316.130665559685,1300.2092917412217
207,3122.3199996265785,2652.386117620104,4645.284545441123,4232.327042954789,4273.523558116497,1257.6021842980335
206,3195.2116285899274,2725.277746583453,4718.176174404472,4305.218671918138,4346.415187079846,1330.493813261383
213,2679.472830858761,2133.4925305579054,4126.390958378924,3713.433455892591,4608.271171431319,1592.3497976128538
730,1980.685109848727,2683.1119569737207,4163.973705658979,3301.1692976981544,5171.288901622337,2155.367527803873
729,2032.0512680812235,2642.416503508981,4123.278252194239,3302.833984128854,5130.593448157598,2114.672074339134
728,2074.5123845141225,2599.831204876165,4165.739368627139,3345.2951005617533,5088.008149524782,2072.086775706318
727,2114.857044731819,2559.1688151195294,4206.084028844835,3385.63976077945,5047.345759768146,2031.424385949682
726,2158.073171124608,2518.5824813592862,4249.3001552376245,3428.8558871722385,5006.759426007903,1990.838052189439
725,2227.2104754005145,2467.704263566113,4318.437459513531,3497.993191448146,4955.881208214731,1939.959834396266
724,2277.900639159621,2418.2607902135687,4369.127623272638,3548.683355207252,4906.4377348621865,1890.5163610437216
723,2327.8077043902927,2367.453945258746,4345.554097748929,3598.5904204379235,4855.630889907364,1839.7095160888996
722,2377.3175788054623,2318.7266100418,4296.826762531982,3648.100294853093,4806.903554690417,1790.9821808719526
721,2427.6403898913964,2269.4442095570384,4247.5443620472215,3698.423105939027,4757.621154205656,1741.6997803871914
629,995.6806167253618,4512.034150127477,5860.438516291345,3328.3087182931213,7266.861865053765,4250.940491235303
635,805.4264258685407,4321.779959270655,5670.184325434523,3138.0545274363003,7076.607674196944,4060.6863003784815
628,967.1113528377788,4483.4648862398935,5831.8692524037615,3299.7394544055383,7238.292601166182,4222.37122734772
627,960.6884751310852,4477.0420085332,5825.446374697068,3293.316576698845,7231.869723459488,4215.948349641026
626,995.6778748314052,4512.03140823352,5860.435774397388,3328.305976399165,7266.859123159808,4250.937749341346
710,1418.3006603290726,3200.3147758224263,4595.564207575923,2680.91022801419,5850.212994088054,2834.29162026959
709,1706.2550806858712,3023.7246636141003,4444.108328202526,3026.7392685352984,5531.371155597268,2515.4497817788047
708,1669.9766462728244,2987.446229201053,4407.829893789479,2990.4608341222515,5495.092721184221,2479.171347365758
707,1729.3360324699097,2719.5921145485604,4139.975779136986,2931.6918873018767,5571.461058083841,2576.8354731418804
706,1974.2411345729847,2738.635468890598,4159.019133479023,3294.725322422412,5246.281960873766,2230.3605870553024
704,2068.596892344523,2593.915712706566,4159.82387645754,3339.3796083921543,5082.092657355183,2066.171283536719
703,2212.501448270235,2452.995236435833,4303.728432383251,3483.284164317866,4941.17218108445,1925.250807265986
735,2960.579876240713,2609.0518935614937,4601.950321382512,4188.9928188961785,4733.155324441837,1717.2339506233716
734,2925.6790139788736,2574.1510312996547,4567.049459120673,4154.09195663434,4698.254462179999,1682.333088361533
702,2260.833729378548,2401.1938804324955,4352.0607134915645,3531.6164454261784,4889.370825081112,1873.4494512626484
733,2877.1360507457343,2525.608068066515,4518.506495887534,4105.548993401201,4649.711498946859,1633.7901251283938
732,2826.435373514667,2474.907390835448,4467.805818656466,4054.848316170133,4599.010821715791,1583.0894478973264
701,2360.9930252193444,2302.4020564556818,4280.502208945865,3631.7757412669753,4790.579001104299,1774.657627285835
731,2777.884901062727,2426.356918383508,4419.255346204526,4006.297843718193,4550.460349263852,1534.5389754453863
711,1322.262508293879,3236.616426941089,4631.865858694587,2689.0361828086666,5828.640025042408,2812.718651223944
712,1343.0199002478057,3257.373818895016,4652.623250648514,2709.7935747625934,5849.397416996335,2833.4760431778705
815,4676.099313604485,1985.4053321607012,4465.721415705821,5660.201972148638,2418.0668048795924,1657.6266874694784
814,4575.560617222493,1884.8666357787104,4365.182719323829,5559.663275766646,2553.781584150939,1649.4912138137806
813,4518.433380834763,1827.73939939098,4308.055482936098,5502.536039378915,2612.6356808108703,1708.3453104737118
812,4456.065084563336,1764.6000774586932,4244.916161003811,5440.1677431074895,2673.318433664038,1945.8333566145611
811,4443.553893085918,1752.0888859812749,4232.404969526393,5427.656551630072,2660.80724218662,1933.322165137143
810,4213.067971055421,1521.6029639507772,4001.919047495895,5197.170629599575,2934.8666463364243,1991.878975920373
809,4138.320108087863,1446.8551009832183,3927.171184528336,5122.422766632015,3010.543979563989,2067.5563091479385
808,4098.119967112563,1370.1533659911706,3850.4694495362887,5064.200351478761,3088.9110507317537,2140.5393254895707
807,4009.364498623106,1281.3978975017135,3761.713981046832,4975.4448829893045,3174.779837228306,2200.6422039988406
806,3927.5317419896246,1199.5651408682322,3679.881224413351,4893.612126355823,3226.760374605268,2252.6227413758024
805,3876.3457334768536,1148.3791323554613,3628.69521590058,4842.426117843052,3289.916245692931,2315.778612463466
804,3855.5802261423178,1089.8007900022767,3570.1168735473943,4821.2293288306055,3346.9010808319217,2372.7634476024564
803,3798.507931000413,1032.728494860372,3513.0445784054896,4764.157033688701,3405.201989541827,2431.0643563123617
802,3739.532265980564,973.7528298405228,3454.068913385641,4705.181368668851,3463.7630243338617,2489.6253911043964
801,3677.458751784798,911.679315644757,3391.9953991898747,4643.107854473085,3517.2432540819977,2543.1056208525324
W108,5529.015138735779,2069.40142698936,5231.800594846341,6513.117797279932,1688.3478581143709,2251.706235563395
W109,5467.7979512324855,2008.1842394860664,5170.583407343047,6451.900609776639,1744.447567272348,2307.805944721372
W110,5409.069100223287,1949.4553884768677,5111.854556333848,6393.17175876744,1803.1395042030904,2366.497881652114
W111,5349.544860643185,1889.9311488967649,5052.330316753746,6333.647519187338,1858.071210260692,2421.429587709716
W112,5293.458156733045,1833.8444449866247,4996.243612843607,6277.560815277198,1916.715917148512,2480.074294597535
W113,5238.524657803176,1778.9109460567552,4941.310113913737,6222.627316347329,1971.6110504747323,2534.969427923756
602,953.4970794079028,3520.875652177586,4869.280018341454,2474.380211795124,6270.615386200406,3254.694012381944
603,895.6178718049833,3599.2130612236942,4947.617427387562,2552.717620841232,6348.952795246514,3333.0314214280525
604,812.7515595167882,3676.7993182826553,5025.203684446524,2630.303877900193,6426.539052305476,3410.6176784870136
605,726.6179820410794,3752.72842863096,5101.132794794828,2706.2329882484973,6502.46816265378,3486.546788835318
636,825.1821741574954,4341.53570755961,5689.940073723478,3157.810275725255,7096.363422485899,4080.442048667436
630,990.9509207835664,4507.3044541856825,5855.708820349551,3323.579022351326,7262.132169111971,4246.210795293508
631,888.5109676986074,4404.864501100722,5753.26886726459,3221.1390692663667,7159.6922160270105,4143.770842208548
632,854.9550968016715,4371.308630203786,5719.712996367654,3187.583198369432,7126.136345130075,4110.214971311612
633,822.3408422862371,4338.694375688352,5687.09874185222,3154.9689438539967,7093.522090614641,4077.600716796178
634,780.3278689108288,4296.681402312944,5645.085768476812,3112.9559704785884,7051.509117239232,4035.5877434207696
624,888.8095439534193,4405.1630773555335,5753.567443519401,3221.437645521178,7159.990792281822,4144.06941846336
623,855.7469438210754,4372.10047722319,5720.504843387058,3188.375045388835,7126.928192149479,4111.006818331017
622,822.3499398249687,4338.703473227084,5687.107839390952,3154.9780413927283,7093.531188153373,4077.6098143349095
625,992.8955372057426,4509.249070607857,5857.653436771725,3325.5236387735026,7264.0767855341455,4248.155411715683
637,867.3958632366172,4383.749396638732,5732.1537628026,3200.023964804377,7138.5771115650205,4122.655737746558
640,492.78482680492937,4045.397152270085,5393.801518433951,2825.412928372688,6904.545080126045,3888.623706307583
639,697.985681471969,4214.339214874084,5562.743581037952,3030.6137830397283,6969.166929800373,3953.24555598191
638,852.0742855309313,4368.427818933046,5716.832185096914,3184.702387098691,7123.255533859335,4107.334160040872
612,680.1526908727672,4196.506224274883,5544.910590438751,3012.7807924405265,6951.333939201171,3935.412565382708
611,651.3264542322088,4095.328423373408,5443.732789537277,2983.954555799968,6846.16566668414,3830.244292865676
610,709.044915725706,4037.76956926173,5386.173935425599,2963.146988633576,6788.606812572461,3772.685438753998
609,755.4332798454386,3953.906208445191,5302.31057460906,2879.2836278170366,6704.743451755922,3688.8220779374583
608,681.5246886690237,3879.997617268776,5228.401983432644,2805.3750366406216,6630.834860579506,3614.913486761044
713,1177.491583288427,3414.3053505042326,4809.55478225773,2544.2652578032144,6006.328948605551,2990.407574787087
714,1130.3084939783698,3414.7008400523887,4809.950271805885,2497.082168493157,6006.724438153706,2990.803064335243
819,4662.334121279227,2075.585208204312,4453.286926425057,5646.436779823379,2447.1925643076133,1408.2186611868665
818,4612.26639564578,2025.5174825708648,4403.21920079161,5596.369054189932,2501.2912760643944,1462.3173729436471
821,4662.716661039765,2182.5455134195327,4453.754659371422,5646.819319583916,2645.441867039332,1251.2633735480838
820,4641.383745739985,2161.212598119753,4432.421744071642,5625.486404284136,2840.997024951017,1465.1215322296257
936,3648.0269916091497,1795.8424136729448,1782.1023048181687,3264.048387740893,5124.7355674409,3960.794735047148
937,3647.79597628275,1795.6113983465448,1781.8712894917687,3263.817372414493,5124.5045521145,3960.563719720749
938,4479.382001027189,2627.197423090984,1462.823099603194,3467.985387060375,5956.090576858938,4792.149744465186
939,3863.2423160007447,2011.05773806454,1560.3948763774886,3042.3409593002125,5339.950891832496,4176.010059438743
940,4102.358054588941,2250.173476652735,1292.8295276925992,3090.9614406221267,5579.06663042069,4415.125798026937
935,3790.856904714129,1382.9133817554832,2944.554472646094,4388.0520242865,4711.806535523441,3566.691985386905
933,3709.3481210308023,1301.4045980721564,2863.045688962767,4306.543240603172,4630.297751840114,3485.183201703578
932,3268.25180502364,1374.1785543864034,2230.37244901825,3673.870000658656,4703.071708154358,3546.303241866201
931,3250.686812676259,1356.6135620390228,2212.8074566708688,3656.3050083112735,4685.506715806978,3528.738249518819
934,3479.4409858772165,1585.3677352399804,1985.4840214716223,3428.9815731120284,4914.260889007936,3757.492422719777
403,2000.392217830236,3742.852857378982,3478.8998220001354,1365.9683422314422,6846.684262807714,4074.566623159338
401,1913.5027384497296,3831.112517792711,3567.159482413864,1279.0788628509365,6934.943923221443,4162.826283573067
410,1637.9060833742485,3161.642803463896,3814.4762045853386,1912.457740567807,6265.474208892629,3482.1368600839287
411,1545.0754166635302,3258.6506975080124,3911.4840986294553,1819.6270738570888,6362.482102936746,3579.144754128045
413,1457.7343568239585,3347.0071091847826,3999.8405103062255,1732.286014017517,6450.838514613515,3667.501165804815
958,4934.9913908031085,3082.806812866904,468.22096543678174,3923.165919037612,6411.699966634857,5247.759134241105
955,4682.848636848634,2830.664058912429,689.6110487938969,3671.452022881821,6159.557212680383,4995.61638028663
956,4734.804263127874,2882.6196851916693,627.6979808798692,3723.407649161061,6211.512838959623,5047.572006565871
957,4808.322244882718,2956.137666946513,568.0946336611804,3796.496773117221,6285.030820714467,5121.089988320715
951,3880.546163968933,506.3853504333946,3034.2437319008973,4477.741283541302,3946.852005318284,3557.537848339277
952,3930.38002659336,477.3805945770309,3084.077594525324,4527.57514616573,3917.84724946192,3578.417805888475
953,4063.716851232838,412.7952368412019,3249.054311954932,4692.551863595337,3853.26189172609,3586.59507472453
954,4173.96924890221,523.4413894001657,3327.666816834175,4771.16436847458,3963.908044285055,3697.2412272834954
253,3144.9758934172264,2675.042011410752,4667.940439231773,4254.98293674544,4296.179451907147,1280.2580780886829
254,3136.4090376700005,2666.475155663526,4659.3735834845465,4246.416080998213,4287.612596159921,1271.6912223414568
251,3229.447387510399,2759.5135055039245,4752.411933324945,4339.454430838611,4380.650946000319,1364.7295721818557
252,3171.389599340214,2701.45571733374,4694.354145154759,4281.396642668426,4322.593157830133,1306.6717840116698
W101,4898.669453532169,1395.594063097226,4557.993230954208,5864.318556220457,2236.521519687137,2433.8403041309566
W103,4969.135781648731,1540.5356827212677,4702.934850578249,5953.238440192884,2116.241763365828,2370.0587359897168
W104,5014.213044600193,1620.9256163778714,4779.941512718213,5998.315703144346,2036.6857301458772,2290.5027027697665
W105,5092.112993154629,1698.825564932307,4857.841461272649,6076.215651698783,1957.884662196684,2211.701634820573
W106,5169.870206711833,1776.582778489511,4935.598674829853,6153.972865255986,1887.4853466237123,2141.3023192476016
W107,5240.728601297358,1847.4411730750369,5006.457069415378,6224.831259841511,1807.5785198452693,2061.3954924691584
W302,4691.246388460685,1798.0248063973231,4480.09746490116,5675.349047004838,2636.4402312421776,2030.3450912748028
W311,4780.4369780751895,1536.9464451221388,4569.288054515664,5764.539636619343,2375.3618699669937,2270.2052501264147
W310,4763.236750363443,1870.0151683000804,4552.087826803918,5747.339408907596,2708.430593144935,2013.2003005293495
W309,4835.922723287945,1942.7011412245813,4624.773799728419,5820.025381832098,2701.9486784408323,1941.5085610307167
W308,4907.467252729987,2014.245670666624,4696.318329170462,5891.56991127414,2628.479726422508,1868.0396090123936
W307,4914.353053201121,2021.131471137758,4703.204129641596,5898.455711745274,2580.6345127042346,1820.19439529412
W306,4862.793803128063,1969.5722210647,4651.644879568537,5846.896461672216,2621.9915407848102,1861.551423374696
W305,4818.900079932875,1925.678497869512,4607.75115637335,5803.002738477028,2664.3002650604976,1903.8601476503827
W304,4776.6891615331415,1883.4675794697785,4565.540237973616,5760.791820077295,2707.4000568779898,1946.9599394678748
W303,4734.22145294242,1840.9998708790572,4523.072529382895,5718.324111486573,2679.415295723912,1988.2331019549172
W301,4448.644144287996,1757.1791371833524,4237.495220728471,5432.746802832149,2665.897493388697,1938.4124163392205
817,4636.115006683029,2155.943859062796,4427.153005014687,5620.217665227179,2618.8402126825954,1224.6617191913472
816,4584.360504539975,2104.189356919742,4375.398502871632,5568.463163084125,2678.323873489761,1284.145379998513
A106,4112.864729196606,1632.693581576373,3903.9027275282624,5096.967387740757,3019.0236019908816,1791.5312366686092
